{
  "generated_at": "2026-03-31 19:17:10",
  "warning": "Only 3 positives: thresholds are unstable; treat as exploratory.",
  "raw": {
    "screening_high_recall": {
      "threshold": 0.006,
      "f1": 0.0594059405940594,
      "precision": 0.030612244897959183,
      "recall": 1.0,
      "predicted_positives": 98.0
    },
    "balanced_best_f1": {
      "threshold": 0.113,
      "f1": 0.16666666666666666,
      "precision": 0.1111111111111111,
      "recall": 0.3333333333333333,
      "predicted_positives": 9.0
    },
    "confirmatory_high_precision": {
      "threshold": 0.113,
      "f1": 0.16666666666666666,
      "precision": 0.1111111111111111,
      "recall": 0.3333333333333333,
      "predicted_positives": 9.0
    }
  },
  "platt": {
    "screening_high_recall": {
      "threshold": 0.001,
      "f1": 0.023715415019762844,
      "precision": 0.012,
      "recall": 1.0,
      "predicted_positives": 250.0
    },
    "balanced_best_f1": {
      "threshold": 0.012,
      "f1": 0.13333333333333333,
      "precision": 0.08333333333333333,
      "recall": 0.3333333333333333,
      "predicted_positives": 12.0
    },
    "confirmatory_high_precision": {
      "threshold": 0.012,
      "f1": 0.13333333333333333,
      "precision": 0.08333333333333333,
      "recall": 0.3333333333333333,
      "predicted_positives": 12.0
    }
  },
  "isotonic": {
    "screening_high_recall": {
      "threshold": 0.001,
      "f1": 0.06451612903225806,
      "precision": 0.03333333333333333,
      "recall": 1.0,
      "predicted_positives": 90.0
    },
    "balanced_best_f1": {
      "threshold": 0.025,
      "f1": 0.16666666666666666,
      "precision": 0.1111111111111111,
      "recall": 0.3333333333333333,
      "predicted_positives": 9.0
    },
    "confirmatory_high_precision": {
      "threshold": 0.025,
      "f1": 0.16666666666666666,
      "precision": 0.1111111111111111,
      "recall": 0.3333333333333333,
      "predicted_positives": 9.0
    }
  }
}