fold,val_size,val_pos,scale_pos_weight,pr_auc
1,84,1,82.0,0.030303030303030304
2,83,1,82.5,0.04
3,83,1,82.5,0.3333333333333333
